{"cameraMode":{"drawMode":0,"name":"Shaded","section":"Shading Mode"},"sceneLighting":true,"audioPlay":false,"sceneViewState":{"m_AlwaysRefresh":false,"showFog":true,"showSkybox":true,"showFlares":true,"showImageEffects":true,"showParticleSystems":true,"showVisualEffectGraphs":true,"m_FxEnabled":true},"in2DMode":false,"pivot":{"x":-4.053657054901123,"y":10.404743194580079,"z":6.326765537261963},"rotation":{"x":0.3785134255886078,"y":0.31781888008117678,"z":-0.13782548904418946,"w":0.8590850234031677},"size":0.8822720050811768,"orthographic":false}