{"cameraMode":{"drawMode":0,"name":"Shaded","section":"Shading Mode"},"sceneLighting":true,"audioPlay":false,"sceneViewState":{"m_AlwaysRefresh":false,"showFog":true,"showSkybox":true,"showFlares":true,"showImageEffects":true,"showParticleSystems":true,"showVisualEffectGraphs":true,"m_FxEnabled":true},"in2DMode":false,"pivot":{"x":116.36687469482422,"y":38.22518539428711,"z":168.17393493652345},"rotation":{"x":0.03705063462257385,"y":-0.7259811162948608,"z":0.04178759455680847,"w":0.6863964200019836},"size":111.24673461914063,"orthographic":false}